<?xml version="1.0" encoding="UTF-8"?>
<project-private xmlns="http://www.netbeans.org/ns/project-private/1">
    <editor-bookmarks xmlns="http://www.netbeans.org/ns/editor-bookmarks/2" lastBookmarkId="0"/>
    <open-files xmlns="http://www.netbeans.org/ns/projectui-open-files/2">
        <group>
            <file>file:/C:/Users/henry/OneDrive/Desktop/OOPgroup11/src/solverde/SolarCalcGUI.java</file>
            <file>file:/C:/Users/henry/OneDrive/Desktop/OOPgroup11/src/solverde/SolarPanel.java</file>
            <file>file:/C:/Users/henry/OneDrive/Desktop/OOPgroup11/src/solverde/SolVerde.java</file>
            <file>file:/C:/Users/henry/OneDrive/Desktop/OOPgroup11/src/SolarCalculator.java</file>
            <file>file:/C:/Users/henry/OneDrive/Desktop/OOPgroup11/src/solverde/RoofDetails.java</file>
        </group>
    </open-files>
</project-private>
